temperature,pressure,vibration
22.996714153011233,102.25876394214367,0.38484772022553676
22.361735698828817,102.8520553965143,0.3333090255121995
23.14768853810069,101.24846057580956,0.40865623187933203
24.023029856408026,103.94376460407327,0.3684821096099047
22.265846625276666,102.41784882160744,0.34463489279978854
22.26586304305082,103.61729583158812,0.37238584629051386
24.07921281550739,102.8427253463777,0.27145619239657504
23.26743472915291,102.95675321915378,0.2936616265545097
22.03052561406505,103.0697672802322,0.2903037496800472
23.042560043585965,102.94770856001732,0.3571471547381853
22.036582307187537,103.14272275986754,0.4366257499742546
22.03427024642974,103.82915253013243,0.46156500730963157
22.741962271566035,102.69652116970147,0.38190255507203785
20.5867197553422,103.20900375758852,0.37504222374722285
20.775082167486968,102.41026430571277,0.25994711329236303
21.937712470759028,103.94011721544948,0.3228663100132989
21.487168879665575,101.82360769794073,0.31061081240458804
22.814247332595272,104.30094043291082,0.31895762008744416
21.59197592447879,102.45984204935566,0.3415928090707605
21.08769629866471,101.06922489788195,0.3263954711151436
23.965648768921554,102.6281044149108,0.2510350094812106
22.274223699513463,101.81894834252512,0.3873955128058767
22.567528204687925,103.34064354898872,0.29636284871300966
21.075251813786544,101.84737602069761,0.3619623432055575
21.95561727547482,102.05381656678522,0.45370413348749866
22.610922589709865,100.61045926905447,0.30403077042067883
21.3490064225777,102.04769368075092,0.22348562386268347
22.875698018345673,100.07612067337104,0.33569978890599445
21.899361310081193,100.91609717651427,0.4050479817499285
22.208306250206725,103.26041465614429,0.44791737271102966
21.898293387770604,103.28580015865083,0.2885225202773791
24.352278184508936,102.92545756178497,0.3748349611618261
22.486502775262068,101.53302385687078,0.3267344771609973
21.4422890710441,102.45228864385803,0.34470258228479317
23.32254491210319,102.49639746090944,0.48221716735085174
21.279156350028977,101.34163531080746,0.2748514835802423
22.708863595004754,104.00339830176715,0.36268698307472863
20.540329876120225,103.37736229057568,0.37338465858827163
21.17181395110157,102.27903582617034,0.40428931624696735
22.69686123586912,102.52688583899453,0.35489915767354474
23.23846657999541,102.70838280794756,0.3654025269752051
22.67136828118997,100.45826513157571,0.33041757162891044
22.38435171761176,102.25282261747941,0.3634563470622553
22.19889630441071,101.8180157520022,0.33284038622512946
21.021478009632574,101.49837999010508,0.3810785944928025
21.780155791605292,102.21889970711405,0.33151948319781827
22.039361229040214,104.29768652684952,0.3688550196951093
23.557122226218915,103.140842861267,0.34853685931575107
22.84361828956846,101.9288210102172,0.4063025125386084
20.736959844637266,103.07258278135616,0.34743031382057565
22.824083969394795,103.899355436586,0.26134837658965593
22.114917719583683,103.42463368291277,0.41309607503569956
21.823077999694043,102.55963036992017,0.30471338495686906
23.11167628884087,101.85306322229442,0.31731168306755897
23.53099952249595,103.1982233136136,0.32021693529782536
23.4312801191162,102.89348538542176,0.41872190465854087
21.66078247677736,103.39519322002774,0.2432162893010652
22.190787624148786,103.13517180168196,0.5068874266829997
22.831263431403563,103.54955271531934,0.40280284045330256
23.47554512712236,101.96476478843944,0.361161945706458
22.02082576215471,103.81739406563433,0.34725529996918564
22.314341023336183,102.6975996046924,0.3642777037428828
21.393665025993972,104.57526087262526,0.3760561214189669
21.30379337591933,101.81081218191044,0.38226077929750285
23.3125258223942,104.23596380316525,0.3777802233001724
23.856240028570824,102.69791078346265,0.35447903406276243
22.427989878419666,101.84858199638555,0.3401330789846337
23.503532897892025,102.01611416594568,0.3424363358173244
22.861636025047634,102.17965269180569,0.3402545859823659
21.854880245394877,102.92416594640191,0.4066885048433532
22.861395605508413,103.0228354880355,0.37967783611404304
24.03803656646597,101.92629999606142,0.20298056826678595
22.464173960890047,102.47564540773902,0.382795038826488
24.064643655814006,104.64227035861187,0.35973680973593875
19.880254895910255,104.22754317010072,0.3490645621777051
23.321902504375224,102.93632366967404,0.33057407734555566
22.58704706823817,102.5380034781682,0.40620563599930065
22.200992649534133,102.62003132671826,0.3973763231061429
22.5917607765355,103.11351797273042,0.3113561166088195
20.512431085399108,101.4772074348016,0.37035261435622674
22.280328112162486,102.24262346257666,0.30141716327293566
22.857112571511745,100.83141592612242,0.28101909176055345
23.977894044741515,102.89922312260528,0.3186641387705017
21.98172978172635,103.14719593970274,0.3931196736191379
21.691506397106814,102.01681353770063,0.3976562522688043
21.998242956415464,104.07398676329004,0.37565427100486465
23.415402117702072,101.27423433699767,0.3862547893423998
22.828751109659684,101.03562511979018,0.3758089143557479
21.97023979623296,102.72445181855997,0.31792592023885236
23.013267433113356,103.54709830261216,0.371596127233697
22.59707754934804,104.18392769145787,0.3900204762613841
23.46864499053289,102.04111573713107,0.3877145664906787
21.797946906122647,103.57868083343129,0.4094456685737321
22.172337853402233,102.46149153049929,0.38541519236005317
22.107891846867844,102.32737270005919,0.3675724103770791
21.03648505186788,103.38365993748667,0.40350751191582135
22.796120277064578,103.15232287841341,0.34867393703754695
22.761055272179888,100.92360784301574,0.3059062674386141
22.505113456642462,103.9765403497259,0.34184665180281176
22.265412866624853,103.88009135414745,0.31275486775967754
21.084629257949587,101.87443729849048,0.3162410862512809
22.07935467723464,102.89580353343742,0.3427740664642241
22.15728548347323,102.99403018628274,0.3103790039500019
21.69772273077838,102.76067376582391,0.33460192351804796
22.33871428833399,101.94969484615459,0.2553192666523107
22.90405085681454,101.82837663206195,0.36066468536864693
24.38618590121053,102.47444592900855,0.35006027376811116
22.67457781283184,103.67272901925936,0.30914556844659047
22.757550390722763,103.04360015459443,0.38296228342162025
22.425554084233834,102.1293856679139,0.3968785068813279
20.581228784700958,103.27169871064835,0.26962200678155124
22.47348612455078,99.65145737936993,0.3118637610716893
22.560230209941025,103.64876570037211,0.31154288251063506
24.963242112485286,100.7602862212219,0.30300484494455676
22.307639035218877,102.13755905859686,0.3914737420965874
22.801547342333613,101.38033010537386,0.3403086930613598
22.465288230294757,101.2053185242791,0.33677425793446947
21.331321962380468,103.66082678737853,0.24980688177966232
23.64282281451502,102.0322987986881,0.3817709015104613
23.251933032686775,102.84650388173071,0.28803708025732633
23.291031947043045,102.45307942112082,0.3529966315133164
21.59061254520526,102.97704082722312,0.36386884689790955
23.9027943109361,102.57682189106025,0.4180329297919325
21.098148937207718,101.21700777581142,0.28455898004404434
23.08685709380027,103.49626681944714,0.1990243922089587
24.690455625809978,102.00624341683869,0.3591924772376847
21.509463674869313,100.94341810134024,0.44002555907554264
21.933702270397227,102.07188483903408,0.41194731764697184
22.59965136508764,104.0007597906343,0.36048297076373126
21.996524345883802,103.35022174211349,0.3254181907183976
20.949336568933866,102.15134786559214,0.3903561298318655
22.568562974806028,102.15074229568157,0.3013226900147765
21.437696286273894,102.17836494878262,0.37381788846781094
22.973592430635183,104.57674798356084,0.3752735079583313
21.5805757657662,102.88193545223156,0.403010495374944
24.049934405017538,102.93004164719108,0.4879830019455539
21.716746707663763,103.53028345403185,0.36962079835893835
22.177938483794325,102.73878915902651,0.324551818714625
23.313517217369668,102.2409578541793,0.34872128439040023
21.269135683566045,102.30365015091502,0.2615462047555441
22.72745993460413,102.42839874058593,0.31526434344554705
23.807142754282427,102.46277776349015,0.32953587809434476
20.89251676543877,103.22762954363698,0.32379558010327036
22.684633858532305,102.5519458858073,0.3576177436016861
22.759882794248423,103.23264007721558,0.3088790033808899
23.28182287177731,102.41928341989141,0.40605153336622357
21.263049289121916,102.57863519031609,0.35001035324590984
21.179543386915725,100.50179931546789,0.34953498394306926
23.0219415656169,103.41632767470249,0.3336052641743541
22.796984673233187,102.846488475898,0.3577595341929489
22.750492850345875,103.49801010985965,0.3912549132333817
22.846448209496977,99.60374462180631,0.30664348921445495
21.81997527842151,104.58837470478073,0.31709417554623714
22.732253697161003,102.36041037184482,0.3348136985611667
22.793072473298682,103.60818281673751,0.28270645382633924
21.785648581973632,101.46009407287447,0.30903710701392506
24.365774511144757,103.11277390506257,0.326188956322767
22.97383292091179,101.44658443682634,0.3937194590356364
21.30869650279735,101.8762310393042,0.3631280664500962
23.15655360863383,104.41403135386679,0.3596794955683772
21.525318329772677,102.30931759923665,0.3925448981083986
23.287084603742453,102.71743287317972,0.34313141058003016
23.658595579007404,103.37006773068876,0.36952324249644447
21.67931768164829,102.99568188797261,0.34483891235337516
23.46337612924432,102.65041890514358,0.3632681174699814
22.9127809269365,102.86496100246623,0.3208620671194209
23.32206015999449,104.90341558523828,0.2280591420861785
24.39679298265395,102.44238120296642,0.3432860418906848
22.25461188399713,102.70109904671497,0.421137406804997
21.74626383564251,103.55065439600762,0.3963107701120796
21.610485570374475,103.60552593295799,0.3982698742295585
21.684189715034563,103.68703030556038,0.41180653609031087
22.422898290585895,103.13873022202918,0.35443287954807184
22.841151974816643,101.35699508726951,0.35986578537027974
22.77669079933002,104.1334315323011,0.31911740522828247
23.327183249036025,101.35365460698131,0.3341963571986475
22.513001891877906,102.80263546523904,0.38078855748855706
23.953534077157318,101.74572414998065,0.4101942218584408
22.235343166762043,102.435861653407,0.34302768621595
25.22016916658962,102.82876241030348,0.3274905367574294
23.125667347765006,102.82135721545028,0.35002639794282986
21.642842443583717,102.92192075423529,0.38006033744645573
21.429107501938887,104.11371126905864,0.2778072591933229
22.982472415243187,102.95353430151398,0.23519095234313808
22.27653721467415,102.25584336470935,0.32247315752542083
23.21400049409209,103.46408716828836,0.28896437870429204
22.973237624573546,103.68947048892464,0.32459299011763443
22.427171087343126,101.27239218486301,0.3426109840591264
21.653206281931595,103.09740006984985,0.3273375795488493
20.985152775314134,103.2011727423109,0.4226233767235372
22.05348504793298,102.20243649664,0.366337238230116
23.35639879432347,103.87570681331162,0.3650237179805414
22.714093744130203,102.34994441296747,0.38111035720217007
21.25426122128801,102.62557645347154,0.29305834411096154
22.67318092585118,102.32692817571613,0.4019555893710134
22.885317379728836,102.51557904758147,0.34621178567322697
21.616142563798867,101.4037249131048,0.3835240308620606
22.65372510594553,101.05994911740571,0.2964071383479922
22.558208718446,104.09450506322497,0.27231206169919675
21.357029702169378,101.65303865168167,0.3908944829012514
22.857787360348283,101.5086076505437,0.3688204763048758
23.060784526368234,100.34660988639628,0.30489742228212446
23.583051243175277,101.8610382523105,0.30651684593626527
23.553802052034904,101.1769102065925,0.40627173922073845
21.12233063204291,104.14201516013637,0.2905294053566336
21.562174960084878,103.50981708934263,0.43213364766279816
23.01503526720866,101.81184965482228,0.30496896326760653
23.013785950912208,104.7524358053443,0.3819195962804191
23.015047686306048,103.48176548699159,0.3335690762125507
26.352731490654723,102.17516861649138,0.3801593715541171
23.070890510693168,100.00059428512643,0.32279429989429037
23.635565640180598,104.79094257259074,0.34186035469638526
23.454001763493203,101.1104275332364,0.35204595876978606
23.1513912513058,100.85460125304311,0.29989062721092635
22.184730755359656,103.52257043200964,0.38704121727100627
23.258969220493267,104.93975240633927,0.3243393216764207
21.727174785462427,103.88427281851052,0.33857000423299904
22.26318139325999,103.06390912005236,0.3002825312695744
22.014636452170897,103.09475434166528,0.22188331706023445
22.581874139386322,103.35341555878031,0.34044861186999154
24.814658566673508,103.25892858978676,0.47063077108064577
20.63273480740825,102.78119142396937,0.3892302143949012
23.186260190374515,102.60420110395188,0.34903698101328023
20.88728412881035,102.43740687210048,0.3368554585395866
22.028068134210567,101.74603541113332,0.3511232946406023
23.588950596967365,102.21932492313323,0.37735595575876046
22.564280019095463,100.80704318580462,0.29095935923455774
21.422255222070692,102.40166037320525,0.40571608473344356
21.784696290740033,101.51140889284908,0.38576906577206216
23.179597748934675,101.39641068278424,0.3859092862853967
21.769633368282864,102.67989415115348,0.37192378694048633
22.716458589581976,103.89200228634459,0.3509808328846995
22.545571839903815,103.4183166060023,0.38364306179834096
21.848399652394182,100.92949939637683,0.3795907066870689
24.643944089325327,101.51037186342967,0.3322979644529488
23.13391902231801,103.44077118798822,0.3213199113551549
20.47485741334239,101.5175126064617,0.3550928147630993
22.686454314769428,102.27536685000298,0.42745100757475935
21.838213535231613,103.05005209902455,0.2880446462173049
23.352433334796224,101.53165554513636,0.27662373671237794
21.7074792615673,102.60537550614596,0.3582380420618258
22.3852635585331,101.16597450508179,0.3525443850928009
23.004987278980458,101.8986323560488,0.35866708321852037
23.36575519417012,102.81978193414254,0.362197659895425
21.299703592944223,100.90700626646833,0.3388398872682597
22.16549876415905,102.9404747379604,0.4244931719301041
22.025054688839045,102.48036220107332,0.2699548010761742
21.84667076742629,103.05248995441715,0.3085751487609877
24.265454240281098,102.72391413406466,0.3448372619925476
22.904981710960957,103.86414042997384,0.2678405594422916
21.239116045664954,102.62522450264791,0.34120727977839643
23.417861947054774,102.07059445887475,0.4330735082864009
24.622156197012632,102.62229750303229,0.35104432441479805
23.532465260551145,103.0432980290364,0.36153504528593416
20.980630034045987,102.5488600703257,0.286991761741371
22.01576592713375,102.54059169120389,0.3191819295980261
23.766911149186623,101.79800831219325,0.33124018098380315
21.792330534381218,101.83709908244906,0.3341142451621883
22.943819428146227,101.0973947282003,0.4140821897501884
23.274634053429338,104.24957674318694,0.37788455303625623
21.573069528421918,101.25613676460871,0.2944271021531484
22.4404746439382,101.80709480220409,0.36232523892160023
19.258732659930928,101.7815927344308,0.37491108742483925
21.47561235866571,103.39492437694445,0.4070074519260633
22.24743184860684,102.20505032170797,0.42902703432841865
21.25221681803515,103.74774207267373,0.29924529040860653
24.132411303931637,101.82650937575613,0.30945712443948303
21.069858622039366,102.7789941622238,0.2871211070542692
22.059955513303017,101.66465294674025,0.33829900704465093
22.63074057728609,104.6451491277734,0.3733179187223167
23.941273289066114,101.31240158097049,0.3993667258294551
21.06413784882056,102.80982071022703,0.3462024488178738
23.663163752154958,103.1337768809321,0.3340076238372578
22.510233061019587,102.9137990974515,0.357587899612437
21.51849134895205,102.31471234112229,0.30824285491849884
22.96210347426327,102.37017930026657,0.45447693608473866
22.69905969557347,102.54381147197911,0.269616948644097
21.899783122841207,102.3529979983715,0.3592370289447862
22.56980208499002,103.46387911679491,0.4511803109614819
22.11468640313824,104.71052300159135,0.3503399922279999
22.61351734525125,101.94250821499216,0.34049804824992524
23.16213067452105,101.13019702042092,0.3321277288594786
24.086016816145353,102.41171795164874,0.3409804159118796
21.262184501173152,105.07970933765432,0.4186424237338265
24.633033374656268,101.69632543203026,0.23940690443352464
20.547912200477498,104.13911680544406,0.42667168506481623
22.348214904964415,104.17770081407645,0.27880214237749273
23.088317206484575,101.946411758292,0.33666738353827924
22.780991867735032,103.06898307918527,0.32853777898506686
21.877300480179407,104.12839662312854,0.37942766348853596
22.291877749642726,102.12087225901251,0.2700937824058126
22.006999065341166,102.29641963989764,0.3731086333040971
21.91063524305579,101.91831908605135,0.4512154811643426
23.349602097021023,101.48524326930713,0.28184129977035943
22.857015485965047,101.85072245493399,0.3594853083805198
21.807090404739345,101.27605973323774,0.3169008911101695
23.39959987543325,102.53408346825923,0.3712943603096518
22.807299520876608,101.73002676894136,0.3509573888707876
23.31286211883896,102.73378591179075,0.3179256545477845
23.129628841923612,100.94410435379638,0.37439361424355366
21.67100498907793,102.83088023221445,0.44021740548933713
21.93981895980303,103.33352896160892,0.34045481041363507
23.24729360512326,100.50626435742855,0.38598789710740905
23.110370265433463,102.87405656984757,0.2853363521064418
22.479098406035853,103.7276689924733,0.30217818115909956
22.617327383308783,101.2903589813088,0.37362031389401884
23.777664895788426,104.1725723868377,0.4242058014267982
21.90842861116417,102.91901900936604,0.36778066743928295
23.047097381170037,101.79498814424159,0.33434709847384225
22.297807347566106,102.4442309223423,0.3499645702711677
22.28231879677278,103.05832691252172,0.2874796133015141
23.59877685198719,102.57600539141241,0.38022576631776833
23.32541634898803,103.03875599244637,0.39411665311617045
23.31350963600064,101.57932640692063,0.32739548335834595
23.80547880715433,102.66936082403608,0.3264978926120249
22.52100384163276,101.08628550309501,0.3632939114826024
23.181952971294965,102.3887739386513,0.3281640131979702
22.189733243406543,101.59609235853522,0.34669336926870886
22.824166352488444,101.76447005741024,0.45498608945832575
22.369856945632314,103.73609317521044,0.33764871496270016
22.59699596499272,103.59131012059427,0.33208299239893885
23.095157025436915,103.10913812090718,0.31762290971824203
21.681779316766526,101.40768723532742,0.3872095985749968
24.59238727568546,102.1835915503052,0.3409387913390948
21.493982618500297,103.71309769997919,0.3175313480839287
21.285811387212267,102.64171691363991,0.41606520161365057
23.658110873500068,104.8193295399817,0.42098015022568186
23.291662693962937,102.89331783939437,0.31997882171306474
23.124119817052154,102.69204911649003,0.25667300243196917
23.12834550926428,102.1908835357975,0.4003756844918461
22.487753227153085,102.63354090478228,0.3157685087119998
21.602745628514167,102.34753016361945,0.3895312799581384
22.575804558193727,103.2081086766886,0.2514948091144082
21.822838288487887,103.45670231679459,0.39462986691496543
23.475119733417753,101.71401053949205,0.28944140353596093
22.35294261849786,101.16876704644223,0.3865382059533262
21.67450280320749,100.6637946268967,0.3507136533918217
22.178614158347006,103.00799132691255,0.3023030290301677
22.912931454275625,101.39663339382612,0.32964818435366094
21.936275447196024,100.34710940704751,0.384315922847835
21.677779604433567,102.88857860453096,0.3552947226557617
22.743687211491913,104.99299951743279,0.3792206490236242
22.744966571108723,102.4939290884601,0.44882202922577424
21.99305682462887,103.33849077445164,0.2717879194144474
22.028961694381678,102.58182935854757,0.4308606287484312
22.732049937357637,102.40111034680886,0.3552177968761606
21.051915658502676,103.41907648298776,0.3050607975838436
21.092536225623444,102.20972545581135,0.28348431871305046
21.781555778747563,102.7673923140719,0.3405439804611483
22.286552848288153,102.82169780619601,0.39608250559622293
22.810907565598004,101.83190954635695,0.34362254398112324
23.975356216949553,103.49204234953652,0.42555774651236733
23.357659623202018,102.32504024330458,0.277441215497422
22.340061470036574,101.74425484050715,0.3493955526076972
22.480983792097312,103.0365098435704,0.287380327779344
21.49747063536219,101.60153201820896,0.36818159413124835
22.48148686400761,102.52818115736913,0.394344369504865
22.21134136107986,102.4908810033558,0.3289619103159473
22.82271856033809,103.58589556583158,0.21978930716864326
21.672769056447677,102.97469823287996,0.3599474073398247
23.01934651424117,102.47497304125486,0.37183692758667547
24.03273891300258,103.31776629920029,0.3702147377480849
22.391239851543144,103.89020754901732,0.4117891095911077
22.90171172209894,103.05781030635187,0.29644731601754754
23.190143991711114,102.51035261984337,0.38401080527252246
22.098779528114164,101.18816376764984,0.4096253756238987
22.724092481810416,101.43488633692462,0.26107062079967414
22.512592400781795,102.19477529564533,0.36598259129594884
22.59767609854883,101.89048779784072,0.3247910084496164
21.726990216144532,102.31302869701456,0.3459238663449177
22.524510174258943,102.5566499248971,0.3673838241769168
22.997998291245448,103.02969275435673,0.3256385717943224
23.951143607795043,102.42950122194091,0.31621459604191937
23.459270826085206,102.9865016438262,0.3517076208744012
24.653182457511555,102.56447441481012,0.2956377030568598
21.732652437111952,100.52453343364613,0.2957087435557407
23.37232063672068,101.56066460618125,0.38396866414782516
22.683342005738353,102.35591244427839,0.2925602982420672
24.68980293321767,101.29030525715889,0.3833156250454606
21.69170171464485,103.09992872999621,0.37312956464269753
21.660278157819224,104.0307508323437,0.26370966356047015
21.900607354555977,103.71876185169732,0.31612176738321723
20.376104275690192,102.28655712906979,0.4097054701523686
21.974244978319238,103.99072613684996,0.3009417234430159
21.740867338446304,102.64866745720211,0.3267797868845306
22.650393786476208,102.16291402888196,0.3731030446625948
22.841755975777158,101.88659733645906,0.38916952546412975
24.376170839215888,102.19753031351188,0.3374230556977752
23.45042383818605,102.11182318145877,0.3201244902654179
21.923096344337598,102.6704162223755,0.4211184930849254
21.60158532865164,102.66057398104986,0.43694498318987895
22.991919171506506,102.50304602015342,0.39894290253908976
21.179766792979358,102.93693816974636,0.3542659071282512
24.331458765854354,103.69064627478635,0.30958671391795367
23.67944012072129,103.44955413544132,0.3084777796721717
22.030824347895294,101.0151020315501,0.37612570526328787
20.786865470909124,99.94607886509804,0.37091991104443417
23.853872374165412,103.43431991123927,0.42007992964732144
22.38546015474738,101.13312130158458,0.3825225046268069
23.73781631197346,102.27523459810732,0.27484598491200907
20.905572341205634,101.32988697394065,0.40259738088614594
21.900624977046228,100.69801956241999,0.3000969686342793
22.505243699718182,103.04146272820479,0.3308014364023824
22.546980593764744,103.25915516030264,0.3625100103125847
22.049934528520755,101.92348959927328,0.4497833744891982
23.1228499323475,99.9089577078551,0.505495927800268
21.432379570617407,101.95375555174752,0.3803361529568091
22.357620514978706,102.89180400540255,0.34084016906398057
22.620295631711897,101.02108843122588,0.3767252824240275
23.014438834058748,102.68335991977915,0.3943827712936918
23.21161487808889,102.484690150827,0.3339666187221404
21.37535790816213,103.07929149960108,0.4397605677956161
20.965885829264376,102.61958036841415,0.3615035379595701
23.77767682189851,101.52693105911844,0.3748871544545697
22.83231401197959,103.6965715016645,0.38329621260272306
21.751513463443445,102.34147042697303,0.3710793305307228
24.051151975522522,102.47269546049007,0.3919470250234806
22.61567463429286,101.56673204092681,0.3191373406726538
23.679297184063827,102.0567177488085,0.3220849123026984
22.567518481410108,101.6151972859731,0.2949922883514152
24.560747924881987,102.32705394007658,0.3719750615310113
24.255340842443204,104.21170848014235,0.3889468251756057
22.251035851520925,101.12809885706865,0.37288864330759425
23.471570950954355,100.88643860212326,0.43372462166737685
23.145375949585148,103.97117032749361,0.3497201990585477
23.86863155753235,102.29067632284813,0.3834370827796256
21.535076539419897,101.83092726134008,0.29541495619303426
23.18605145999844,103.53990468739607,0.33064501487627995
23.55842448684959,101.89438446026314,0.38477688787828884
20.741260513576886,104.32600971354694,0.3924551055371572
21.316741487334227,103.17792587133927,0.33530165261679085
20.460767822239898,102.0120885918543,0.34642003740709665
22.230593165555444,104.65730821326551,0.27410631266595953
23.217542255795962,101.89428507699667,0.33214853995966953
24.002357052096027,103.2420953720093,0.39451915817598926
22.574094780419774,102.79929258040649,0.37876025080532827
24.128615545571293,103.80174128939879,0.37503328606906045
21.11989854178511,104.06151119672685,0.35248868435904795
20.796617560644844,102.53200414906577,0.3503531579314088
22.444452301103382,101.74658212965382,0.3169839430263276
22.884065448939307,102.95997214293912,0.38494142101012674
22.467305251905906,101.82228463024789,0.37104864721946945
20.432557899960123,104.51338724752662,0.3746009423996399
22.41087996048721,102.63653533108274,0.323698257866621
21.195530499495145,102.1346784486879,0.24233285400643775
23.16967254883004,102.6846803058649,0.4048576355876848
22.86659824609685,101.1528737104703,0.3260581271995798
21.560120213672644,101.52838596148935,0.3068612117978439
21.986133082663308,103.70041390794442,0.3846739455956997
21.440786478111047,101.8431057210286,0.3303993680040435
22.437320902726828,101.45308901731806,0.4029968192023311
23.45514232050124,103.03665275252729,0.38085029747883486
21.514273953664457,103.685704154663,0.3841784661600239
23.004046515517846,103.21895331066507,0.28170221443997323
21.969742381627558,103.49604768580582,0.41059719926932003
21.707127167737656,101.74320491143054,0.3630625265616928
22.392969640045443,101.07818933325815,0.3315361430376898
21.464757677580625,104.00133365195549,0.35716942336711255
21.946350694652818,102.17732016115787,0.261188238355084
21.30212210741115,102.24916698354495,0.3704326405740335
24.46472513291639,103.82819414184905,0.2985314245908964
22.535263551971727,103.05623000940066,0.28236648570782324
21.800274492007414,102.95588777208161,0.27388204068910543
22.71397991073422,104.66500234490108,0.40563441874949624
22.38767195030917,101.85648176961986,0.31853683031536056
22.279030400466777,103.42784012808124,0.42668638549582494
23.114166700043427,102.55701312489708,0.3232099268473851
23.257507710047307,102.76859227886325,0.26463210212035265
21.96949885238947,104.02846842641253,0.294173778002567
21.92418175935532,103.00783575628962,0.41179058100034693
22.224948302848357,103.03829607904963,0.3422050911031666
20.198078835264415,103.5725073373098,0.32258563517546995
20.984808937801446,102.13504727045712,0.35800091129263933
23.866874267444526,101.660790332661,0.37508913680837724
24.144967713501284,101.45519080597897,0.405869940795123
22.25096396044362,100.533643410624,0.4224249614946463
23.076556963055765,104.55620712994032,0.3320115677105457
22.811250154543536,101.39679163427832,0.2836976156958981
25.57888080845524,102.27874637641423,0.32932674194383615
23.619574911434576,102.22318670011109,0.3630140253291443
22.372082408519233,102.8074066978091,0.30181205368946945
21.544459559399574,103.31573721253929,0.3021424542552478
20.89355367974243,103.36047348835974,0.36718939407749424
22.703463635867223,101.91692256143106,0.34756738242147744
21.743649254715695,102.33287828621359,0.3516398497705793
21.077746290402327,102.7825799504883,0.31207523326499653
21.853427115757473,102.25130887381646,0.3384799642897116
21.418451996385606,104.10734557602,0.30378834278658473
24.187141635072564,102.99097495163825,0.39450992055623935
23.38163975694945,103.23487778604982,0.4017624667361876
22.492027358683384,103.16288126866742,0.2576906068880953
23.979944138890026,103.67347385748532,0.30352445699037944
22.577368307647617,102.6810215587037,0.27517353724549604
21.638715798671736,101.20316805204415,0.3174988032796551
24.023124077269657,102.89968795175264,0.34582810151048193
23.03891004368466,101.84864310620817,0.2775177390150735
21.462753845673543,101.97138331825025,0.3039070093437343
22.30966132191639,103.08636401875509,0.29980213139592504
21.624381746615242,103.73828307143364,0.36036336646994716
21.117200269035663,102.52127157673605,0.3534672168518125
23.42617754753164,102.80883301259897,0.3139131223331373
24.40941664047013,104.20221494463524,0.3588410436069699
21.10143242618086,102.74075317948856,0.3226659957706367
23.06296923669057,105.10168311418039,0.3364172444836973
21.84935743087817,103.06550964563155,0.43367260451492684
22.012874616235305,100.73923724084418,0.4170230525895174
21.90760607576113,103.25334162110454,0.28502093815362006
21.636009230320184,102.88115838488278,0.3914866208939587
22.548521627944826,103.78975275408274,0.3905698277245796
21.66904988358896,103.17318135126996,0.2925868355623691
22.77045682577984,102.36154401601623,0.39093888218774303
22.449761890550864,101.27570176371063,0.4268965959206276
22.26105195313359,102.29097674271398,0.29387275968777926
21.592436337958404,101.6494795457907,0.3041248589492868
21.923228669431666,101.91947655019527,0.4008830733421751
23.255391225825758,103.08857840442062,0.3635747655412824
23.00091718762438,104.16990450435141,0.37757381376197613
21.522444755201448,102.89467152982299,0.3670294608200248
22.599332305429225,101.30411693796482,0.3695347960464072
23.25138712337179,102.94460266822014,0.28367639358444585
20.83059471887863,103.69663148664566,0.4023658853310724
23.043360192379936,101.89021709568061,0.40847949962138863
21.83737624105415,102.36598283332708,0.3385304627965986
23.07059866859316,102.5146881947292,0.3478261525093069
21.736740843457483,101.71510168691776,0.2734446248722139
20.695117899335482,103.14828043384387,0.3757127378008917
20.872457562116836,102.37905185139222,0.3786028720857072
22.548084946661383,102.91953244390703,0.3468904491500344
22.75972250172148,101.6125078221979,0.4062176679935251
21.595683374895593,102.06254169967659,0.333296138451003
23.138592458777374,103.22238135782777,0.37823029629467997
20.83847993773104,102.12716684790823,0.2990167830653942
22.433920201352684,104.2269638512334,0.3488223924562881
21.288983800237542,102.1003638143854,0.3412822871048582
21.848163892197842,102.72468472575189,0.36126539610204705
22.547398671316415,103.43259083187309,0.331523653558332
21.639586634716046,101.08163426706697,0.3434263702164166
22.115444455770174,100.73919118801922,0.3913023585720753
23.50629280921444,100.9743436854299,0.3281617881380891
21.92310813047685,103.76258410342719,0.269671144963066
23.335692112065143,101.94814185410755,0.437479195210271
21.37029314534238,105.05819928566825,0.41907270393452434
23.02980417791528,101.93575240134261,0.285386865244719
23.9415686206579,102.68455130319704,0.3844853902622597
20.02835549987271,104.04210995256787,0.3248512614724328
21.703104744529522,104.50609288815912,0.36317436076655296
23.07707212718054,104.5615035766364,0.3647112064506747
22.296954613957006,103.70836623059314,0.3382796099841839
22.871145873371308,103.52406252581146,0.31081171672068014
21.89601481328418,103.09252694920119,0.315472947384187
22.5865897874729,103.27836107616663,0.30419040422593785
22.34432276460792,101.94881428367147,0.30840888958847773
23.667782061659807,101.68180111657769,0.3466410854975322
22.75442084330121,102.49662554258904,0.3142120005444624
22.837602662075202,102.32981537747507,0.38410260328563095
22.088123033877533,102.04677195067272,0.42436230776679634
22.012393775927507,103.19638744745671,0.3209973379314978
22.06744181218038,103.45530520857051,0.36197022502676884
22.894452142378295,102.58840688629185,0.3749842555151467
22.079015519179737,103.97753008105526,0.3736001135459637
22.789774856896415,101.3583108858665,0.3537977633958043
24.57540079864544,102.30634054072029,0.3871341209179861
23.371124703431693,101.7831776793972,0.37411244763403284
22.17397646783216,100.63346338292693,0.2881168788836351
23.701213922163944,102.4173193141573,0.39345780321946366
22.09192462697845,102.37825249161672,0.3943645418633371
20.461875464822146,104.01344974324213,0.31183569479107087
21.491913689082597,103.13081168455477,0.3518968917723801
20.629208078974145,101.4758131756708,0.38416644964055346
22.14848651595869,104.35409256633419,0.3395343090210319
22.51841837918955,103.72103369552535,0.4036489023883006
24.176437312275283,103.08209770346862,0.46819362473096804
22.826927373764164,102.27351590115016,0.31070069836825087
22.280899471191137,101.54056076327652,0.28094776984231123
23.32940558118349,102.12779322392895,0.36519092978024376
20.288864690992114,103.58874861970419,0.38607812525630714
22.735614558108566,104.3845863059346,0.3384566813077615
23.270865193886966,104.04324352827219,0.4226630331660517
21.02141375422016,102.01115057821373,0.2830697100138375
23.64375404320693,101.38038256671099,0.3846459311515805
22.838496407494414,102.64088624691121,0.3197069589620553
22.0847120860992,100.73156063443714,0.4359688953103648
23.132781866106285,102.82316771418478,0.4496257676584059
24.770692857804395,102.35239741370133,0.3116671706108326
22.681866255058495,102.03396349813175,0.32252214320457095
22.748220586300334,100.90529693273321,0.3929793943489901
22.040639100459757,103.01360010656971,0.33064346751052426
21.65015563053521,101.96729916033809,0.34772943910338805
23.330335816544245,101.33008316428972,0.3512694210271205
21.64391617409113,99.62773778671836,0.25401634219011715
22.571566237219393,102.47248509494936,0.3493081126952881
22.022342553234882,104.27225159666975,0.3155136112967913
22.978979825746393,104.16125921454787,0.3253438588800114
22.833662105286948,102.04290374341373,0.4221816001734407
23.5375399442579,101.89778793963822,0.28717465528603714
21.98998360114525,102.96877425607502,0.39066025933739884
22.23012506470663,101.5016145608117,0.33605185348340955
21.521236284217693,102.80179189981946,0.3360119915752083
22.055706739923888,103.26608027838469,0.38951859480258555
22.877300493044853,103.7269332238843,0.3670025647284445
23.25698861664535,102.39984592352005,0.3785306498609765
21.577834675822373,102.29632624982304,0.39840923302664305
23.36960592010566,101.62201741324344,0.3334345808408338
23.85563785880495,101.67311964596014,0.31938816327461245
22.913434903223703,102.27352110809848,0.29574247367211004
24.376795812558065,102.86736550681618,0.30872947350105223
21.72621080089643,103.41358462623324,0.4974547212654362
21.25534529668858,101.69682104931965,0.41223397903683934
20.72127975109572,103.99268856895952,0.2824462816895989
23.996044311489182,102.22887639895742,0.28387710216282147
23.15436565635406,102.47863270565156,0.37409330308592453
22.444415329089544,101.75278832085218,0.3773632398688983
22.77996862631982,100.07575973972706,0.3774441917658682
21.374510952701623,103.38404539636105,0.33725221032231506
24.945751979616826,103.23684389709243,0.34372728699985494
22.62922118197523,102.21867244288178,0.3663939762079679
22.609394794604892,102.56699071722487,0.3542946503146665
23.225766623898693,103.0159392177041,0.23903498136262322
22.981009231736714,100.93745414311346,0.3385100184712403
22.72388402427913,101.9709473226537,0.3074296782869843
21.709525544554687,103.29426467962183,0.35876057094542557
22.971468357135997,101.24571057683075,0.4992629501301705
24.382024496475033,102.79355793216664,0.3683740832737152
23.845420046154977,101.1434181953766,0.3343235156913801
24.093186626639397,102.96642998243352,0.39609007509886257
21.988784323568815,102.46435851770252,0.3741343943604606
21.51039517974142,100.88486818409449,0.37100472452259203
22.37421307990035,103.66473935445717,0.3803425296607835
22.555724912288696,101.76540842320195,0.45282717824147706
23.59419151847095,101.68974756298562,0.29345557823370416
20.80753537028518,102.70056919723095,0.3736816038405727
24.029550319460615,103.64863734942871,0.30368094350092306
22.34199210142101,101.4841781810216,0.3777756323171124
22.07311893005258,102.56167984984798,0.30406567442569526
21.48789562473983,102.92881650033057,0.32913165931974575
20.84514332813423,103.19310560726315,0.3352455042881047
23.323170583961915,102.67644155527722,0.3987908359672354
22.573317967188405,102.13297216091668,0.39592272219712066
21.210039100258946,101.67240977935128,0.28771413117768074
21.204921227936385,102.58614388304638,0.35274670554999243
22.164215300709873,101.42786098801439,0.31452100726254134
24.16902152528939,99.5786495165054,0.28707475446623326
22.240408648636397,102.93655980415767,0.33914914747878144
20.996857046881892,103.4039348410862,0.334575860577209
22.254256935914057,100.13706756445816,0.4713358243172761
22.227276430252328,101.49026929529006,0.37164799126803477
19.80311335705843,103.11915426100519,0.2811191249622881
22.44570513348219,104.5574954697117,0.32176129979145285
22.26906546979132,102.52079370767541,0.4010691647714699
23.196206364813417,101.77199705877086,0.45442213864349623
24.348956094945343,102.31710355889516,0.27070083438810205
23.626565029547756,103.87487641914818,0.25600378074304775
22.23111130944517,101.85403582087547,0.4435482587685891
21.39347409125833,101.70080799334974,0.36948070886854517
25.07335980324986,102.01725647781797,0.30658536340618164
22.55921843401449,101.54667139174128,0.37673145430612176
22.513929291912945,102.6226703159948,0.2182126130491561
22.475874912889996,104.12467845846956,0.350168775329858
22.698084760767856,102.82307927311602,0.36639105864215427
22.35563958807606,102.24764649787372,0.39621350697689145
21.926337993119763,102.20818873108446,0.29930520238537306
21.95314105875961,100.93680919130334,0.35428435807016795
22.467246729784,103.38310977714715,0.3037287686970206
21.956575228866235,102.4221628029872,0.3627691877837158
21.787154217322836,102.31952008640937,0.30523268388184877
22.606430227691895,105.69310756784486,0.32959495804198896
22.245022782579145,102.79875290836569,0.3002092302604885
24.003992988582688,101.74820894990482,0.3825568120911828
19.84903019160699,102.07364240379445,0.39292255583283325
23.59150685192246,103.64844570919675,0.3382689715021293
23.746085192497628,102.61327041053777,0.3519118997480014
20.42660976759185,101.06172202168263,0.27757042926832276
22.15731240591965,103.4192289345752,0.33501616759966063
22.12855913400421,101.831855914461,0.34748976914791274
21.092488305282178,104.37329777621754,0.4810396545514988
21.722183312409125,103.58004806571465,0.2944016487112918
21.389424154534172,102.05267810434125,0.42320886193762186
24.252270443423622,103.78101636173511,0.39984293867329035
23.435678393147462,102.56785551052741,0.3640318202245068
23.77155509499416,103.35277367512222,0.43793102420975666
23.221672064043236,102.98473281729447,0.3686052736303431
21.370948228782773,101.65364334500913,0.3694579597833964
21.975479733720228,101.85645016768254,0.3473439673491227
22.98937456122792,103.52996081758116,0.41117844412093135
21.277872191108056,102.16522466789345,0.4048234616905442
23.212998430172387,102.09635153675801,0.31871613562518936
22.259674601841866,101.54487742065065,0.2840376402700616
22.125179192450403,102.92359906559346,0.33985096813021715
23.21095996820349,104.56252491924315,0.3099980717801176
22.94426331148604,101.43246708574573,0.34682377126923225
22.13903383418092,102.52421945667275,0.4118719067342069
23.659329803364248,103.91222055541543,0.32713491724566046
21.418936672400104,102.42035860875428,0.3478588309344212
23.115935606944262,102.95237179624974,0.35290113674041973
23.093101257968385,101.43760647185312,0.3924215441102642
22.19045356068601,102.92830709720765,0.23765553330076972
22.826133022242118,102.31285573499545,0.31966498526173515
21.248886423614696,103.48572999567986,0.3605641846139736
23.4240270192069,103.68738605156476,0.41000394782134303
22.31509786355701,105.08956364201862,0.3254048776246897
21.977276979480962,103.07963317321358,0.2561723646979063
23.54900922583689,102.82579631658217,0.38098557229830676
21.79565630945724,102.69438430157733,0.31823188055871854
21.09153870363644,102.14683370718932,0.2905166670454819
20.943370826476098,102.83848384346169,0.31878273051433875
23.10600995134564,102.20459858986096,0.3407737321172075
21.219570647503716,102.66846097626961,0.31976276677308935
24.254794181984366,103.81759753560796,0.23972169714504651
20.41807059211628,101.49345743472036,0.39485330984435657
24.19645636829004,103.63987856112905,0.4137437520639361
22.71101746720262,103.81711506733987,0.38257609956697525
22.403286888129607,102.38193147300892,0.2931157164787591
21.95508091319105,100.3781451009914,0.3399254233026241
22.89913611435207,101.89217801290556,0.34967393423852705
22.46236529757515,103.79699454656111,0.37993971947809546
23.60330188201652,102.47713193770112,0.38341702443590403
22.61422764866204,101.50069776770509,0.3132913100610752
22.65030176146188,101.99522507877178,0.354099777820678
22.136387787786145,103.34062002650455,0.37286402023076204
22.443054376278933,103.04673356820138,0.4227911161073383
22.80780176889206,102.26106790083031,0.38522532699123613
20.789831607343373,102.13317558818531,0.3894528343687759
21.151814577894285,102.10824185095618,0.354191331396468
23.243264094022717,101.5775898155015,0.4205229572601752
22.67086543812794,104.11537568946945,0.37048813979797485
22.31601666364732,102.17767953078867,0.30694560449132147
22.518433933065392,103.71715852082549,0.42016849850625954
22.84758170536167,104.02131605192245,0.38489516362695136
21.960240319690637,103.49831089814796,0.32784779894357585
21.72169527459769,102.06837968728195,0.3260253516300378
22.69584525509768,102.90373009033661,0.36482877725703805
21.521627222384968,102.47580439360908,0.3731592397633792
22.90825275571447,101.59629813926988,0.3598646132815603
20.79741639576216,102.8243592817216,0.3655654336721442
23.529155637325644,101.32096020884019,0.434997868728819
22.972597482413043,103.68767938846156,0.4035771576117443
22.756029734313877,102.03538270270161,0.3595317795632512
23.482690983945513,102.70115965587284,0.39706552903837417
24.165474444462575,102.78328787154614,0.29837380482362297
23.51437006501813,102.24109502629592,0.36989635249734043
20.659125768668353,103.08669380147528,0.4404653174866555
21.2204230332643,102.02509634337747,0.3390977052303813
21.875181422304323,103.37129729745725,0.30761830356904574
22.526091050210834,101.15402031975326,0.31739555557034693
23.01765902046912,102.62637957954641,0.2955183481328806
21.774256186846536,104.43892899905829,0.3107619045936148
22.686766764477078,101.49966867539443,0.33147459507049853
21.74461706764668,101.82225502947514,0.2797216490410679
21.888482197008052,103.01390784965892,0.3507809166974801
21.09333890315178,102.6795817819396,0.39511385868933235
21.576766753889096,102.85063009927356,0.30461219099265396
21.148315394383665,102.98918713014767,0.4259641961820884
21.524126747022667,103.13472146856176,0.37553960442637974
23.553641796607838,103.60969984195623,0.4015290292812028
21.550601111168056,102.90981865692851,0.31710827230739314
25.13238206483739,102.25874234538146,0.3927262613533308
22.99331790088089,103.17257370120274,0.2954033049802343
22.684836123694875,104.39988193489522,0.3945123750418254
21.641642219818788,102.36736625361743,0.35859196698967655
23.20030987940899,101.52547069532936,0.37766256099923917
21.924362173762226,103.60708066928697,0.29122026971875736
22.622009814645363,102.3796188360464,0.30524650788616975
25.060084538268796,100.32733045398597,0.37986141091266923
22.40394010027535,103.34742167715042,0.30258259978878993
23.649273326285677,101.96467181404607,0.37316031460495613
21.79682357487411,102.40946671769584,0.2816431096769877
22.46501150950304,102.83198033056901,0.3924087106333334
24.27080063563551,102.69049967977907,0.28837383426157454
21.873032942212234,103.20945181713904,0.37761499688397615
24.31244855799693,102.06451362943015,0.3812815466823
23.207751935455477,103.01310579817608,0.31516140907852125
21.93753322410573,102.24045332241609,0.3791013283542363
23.13240773905552,103.23881048088751,0.36302211316667776
23.47255444962673,103.11536748401305,0.3230579071903631
23.121809962217196,101.56456129795541,0.29957226579618956
20.929775280109542,103.58598211617503,0.251868715416371
21.77286282417513,101.96403655488595,0.36748250236498464
22.252481364448496,103.30805779828114,0.27175986143189723
22.425566570899953,102.86728731340133,0.3547672099720654
23.120672097550678,104.33818367679513,0.3368275891958875
22.677701000933254,102.27653401762815,0.38395713877190973
21.164655641289897,102.1506832038818,0.33489772502550674
22.880197851005963,102.48058039411227,0.3335276106826454
23.110585745283824,102.19682021716572,0.38659353521441475
23.05979044793104,103.29994190194205,0.36675290145420586
23.58078072555462,100.88368939156341,0.3658077978591389
23.333922154548905,101.44631758085364,0.3734633794904263
22.959180079228435,101.43219707842081,0.27322139383964467
22.429834288541354,103.45030759197357,0.38783943399934906
20.83903906648401,104.21061337258193,0.3806234397006801
22.929618219132585,102.39555078146253,0.2991658435711751
22.707687687163112,102.33117827681,0.33779597631628994
22.771578837195374,102.57005216311317,0.3480346356186184
21.22325142417969,103.66187830260819,0.3432751607799133
21.418943459591738,101.57264686580943,0.3666929983284267
23.553152853332904,102.73836898273478,0.42156833909155916
22.460444846143346,103.47519762978243,0.4040883363836414
23.181500697372623,103.00109416993985,0.28438904032842965
22.52831837613046,102.68958161659874,0.3811034995153024
22.529756139495746,103.50104609256714,0.4164466659767705
23.438283805976,99.79676770700077,0.3693404260344601
21.983955271782627,103.17787531953091,0.4045490212592983
22.59612077694098,101.84592431687257,0.45061352228503826
22.037724711294956,100.66936710314354,0.40118547730534904
22.065503772567684,103.01120259952498,0.3624654297820864
22.190827876531362,103.87365854516295,0.40225442370423764
22.722133771633715,102.36255148537231,0.35724439165484456
22.021251378336522,103.45287454720294,0.35119515216424774
23.75575612557352,104.11227825798865,0.33242928821431333
21.605392697780495,103.81491445358405,0.4281706679416054
22.31312835583864,104.1399645293714,0.3090785667028999
22.060268941725823,103.2421274910719,0.4266183862339058
23.946977884353732,102.57543363890159,0.37499320618701854
22.696554776511576,100.89803418810283,0.2800346912599029
23.531844539468636,102.25393751187005,0.36838246464957103
21.01443962696303,101.65675340468381,0.24499867461741875
22.76705026586926,104.67094271749781,0.38127540084155176
23.389630795623436,102.32411418756766,0.3942615741494495
22.582283989275425,102.62320480678449,0.3203822022173973
23.565480375065352,103.05148537604046,0.3561773847977791
21.982711549899626,102.54360244637246,0.4477078716875143
23.90934744018558,104.19505104043076,0.32471266478690314
24.79889812361925,101.87735063826555,0.2970546206471699
22.13716143956034,102.69460745523725,0.4240831701231299
22.054497478599227,101.75752941430196,0.4481293595265397
23.9533844771177,101.1799774887793,0.35018478359239236
24.07957214573071,101.88823090909472,0.4005731517704178
21.977139972846732,102.46296320295158,0.417073795776544
22.079813182904143,102.07069777548274,0.3128757883730808
22.21821539113949,101.80757902012614,0.32573470823160655
21.155549488965722,101.09368253632816,0.4115437256577367
21.581348053515804,102.4168944273713,0.43425071393542547
21.49585923324793,100.995279625969,0.37814404300871773
21.73220243489587,103.26005596368961,0.30600928232489727
22.46531511261322,102.5824397529345,0.44935305558497207
22.734214732536522,101.04244850053507,0.32345145510940176
24.050500492814077,102.19079092295014,0.3332431109414274
21.50164595926121,101.74784359440942,0.36711689172448103
23.484322398476582,102.81917451041917,0.4277080210357387
22.286011155774492,103.84045044602314,0.39269879882761116
22.450536290347568,100.62482753035425,0.3707432750180955
23.174819492166606,102.61502607914741,0.3731644265059053
21.3772779784377,102.33986720443336,0.3521757334321733
22.882409746184052,103.17134007645046,0.3779069757259253
22.666452208213055,102.71319662823768,0.2235219961152848
22.99245126400815,101.74803066826118,0.33516962704651004
22.789168643907818,102.18094606433338,0.362066096745839
24.955300139910893,101.7039741431965,0.2924492958190246
21.862260015748685,103.5760071385986,0.369316165890578
21.969003044998182,102.52131164867194,0.3397764389506939
21.876859473575237,104.40119068575301,0.43777378491577446
21.944522880839745,102.43933918618538,0.42865098626074283
21.862612872693482,101.79159323308954,0.32670972154409184
23.68901653110755,100.98628560738717,0.34245811442166524
23.920504247989854,100.69686032374406,0.3463026217195804
21.929253706250524,100.91586405699451,0.32741702619201885
21.66764442689577,102.76712665101148,0.35975124920140633
22.971415556386404,103.00872502322993,0.31208589655562047
21.94777695571903,100.91880929796787,0.2934692332531237
23.132931817755512,103.39503831407612,0.3811355611950134
22.7029230208513,102.01693894831656,0.3814764792110905
20.984255885002767,102.64679301198555,0.30978421201700035
24.04750520133006,104.11222062825543,0.39476777153813
24.29587767309552,103.39683931586553,0.3184211135417334
21.887211309515614,102.23146935209417,0.36265826190189904
22.112298440064016,101.60880777458472,0.3910172006306228
22.785865390724904,100.3481845986707,0.3483193717648143
22.834456789987026,101.78084668075758,0.37273704560705667
23.15854427267283,102.28886976117231,0.3241785178056214
24.51020453876635,101.51282047284882,0.3401766708285951
22.32305277250595,102.3687430329077,0.33970702845598294
21.701702755461547,102.57685188295876,0.31267108267298804
21.120680771985473,102.27514401819192,0.34116129184421085
21.76906996005808,101.84999741917655,0.27256908505681265
22.4668730271262,102.66865467196672,0.32544231264289475
24.294557863517788,102.9419406495694,0.33575622533151644
21.982388700963828,101.40960092255716,0.33719101237523097
22.723787951638897,103.91093237974627,0.33792512770646105
22.48357710392725,102.40141186771574,0.3469117900069935
23.688393273448085,102.51884962294484,0.37397207590430315
25.02693242587362,103.20821442325656,0.3937258537066261
21.96913122707968,102.7332161312635,0.31751173865758664
22.010560557481778,103.45313663391325,0.28983995723054273
23.54416087706907,102.78712416520183,0.29789777938784484
23.181891489626313,101.88756262535956,0.32563985394025363
24.346707325736034,102.8615035252061,0.3324039341091745
23.083928185325963,101.35627379267933,0.31150019669012713
22.140707909212942,102.60855970577653,0.28519416678750525
23.09065483069231,102.46677000935554,0.3271939586262906
23.608703580582908,102.29188314272746,0.35907133100569855
23.320482181197363,102.37146248856106,0.3797514732917782
23.007274031107297,100.61815095450235,0.3221288473445839
23.566674689589153,101.95127509225904,0.3293501088928283
23.66929559044567,102.59284490114112,0.3036650845576344
23.882158991037528,102.6598563919974,0.34842804148126116
23.148709887589643,101.47232485907404,0.30757856829045926
22.332881919683146,103.7657078408647,0.37865639066205997
22.646713686433323,101.6338251517855,0.2607066754032944
23.706508966508355,103.46945720052673,0.33201851637737684
21.683064329012765,102.92719436187168,0.36505536695958707
22.8686733088729,101.85377269015619,0.3591917258161252
22.10666118767264,104.27531089260951,0.48465168319902485
22.52874482293482,101.30636316824352,0.36749000122839537
23.778451862607298,103.41915417361,0.2997972701578995
22.691099068019902,103.50058231804297,0.3452267876455463
22.546436548156148,101.82937979092335,0.2611876833266774
21.140143859020082,103.89246530006433,0.3459700125351619
23.24625356602722,102.24995348540105,0.30834719714996206
23.145484181141075,102.78869362927986,0.39576951377800806
24.66325472330546,102.76032183877122,0.32252298627022324
22.192221765046998,102.36569125852945,0.3441617042102376
22.71915032766394,103.31080827315978,0.3182221079297798
22.749383683710754,103.29348872055222,0.43694256759266653
24.077453279763475,100.75146802676181,0.3339378616941044
22.404704467613048,103.80434024287815,0.44162785217396006
22.77902152577034,100.83750801196433,0.39070758810591333
23.10789650971654,103.53254620434166,0.3741033363667693
22.68660912315636,103.62670513682758,0.36843665736587594
22.05356638544947,101.4090335697848,0.36968986491081257
22.69408999289831,102.08918571204542,0.2536163710327195
23.57363174985977,101.39429533151406,0.33605583029246217
21.47348470058894,102.28507896971126,0.39225789855921606
22.632969674146874,102.19196571581426,0.3475551408262947
21.799879185060828,103.27966053226935,0.2797405076598212
23.695046628924842,103.8103087461196,0.3473797774711265
20.976813095216226,103.89568381078996,0.4352052758127746
21.941078152728412,101.9378319734217,0.41234458577673594
22.87721187506452,102.29077812625547,0.3468997995316984
24.06552402923434,100.81656180777905,0.3975724638529043
22.43424973892701,101.69412993350382,0.3316746489815974
21.944800473306803,103.46485163309745,0.264806420658664
24.38115706944059,104.11558282354824,0.30377670059352224
21.051986099583758,101.26565112812008,0.4281444384254099
20.30119404337992,101.90753574084711,0.33630034590853475
22.940014450053333,102.47359424304108,0.3378308010312491
21.997945775647388,102.78016115881961,0.33500809018625594
21.478767182869287,101.69039648007835,0.4452068294786503
23.20835644729935,102.9240610444641,0.43129794576810315
22.7438007137712,102.02616065292908,0.4609390116724067
21.935921369263273,102.48554772912172,0.3420477394799974
21.219695601329107,103.0462842480037,0.3647812244373547
23.372457328280145,102.50642226981094,0.2741678725289604
23.15020117795866,102.06361410947343,0.4238467213059137
22.400824136220617,102.39039019607416,0.2916110224366032
24.346636996047664,102.41163704079466,0.3608387781881314
21.429915233673846,102.12998897011788,0.2951348736183578
20.974474829075263,102.2412039373329,0.32055665866306515
21.808091930118756,104.09864717050472,0.308136878447515
22.454413983644503,103.06091944794125,0.3196062369662091
22.743339449322693,102.20451968197084,0.32304386484255104
